{
  "project_info": {
    "project_number": "141140209554",
    "project_id": "language-converter-47783",
    "storage_bucket": "language-converter-47783.appspot.com"
  },
  "client": [
    {
      "client_info": {
        "mobilesdk_app_id": "1:141140209554:android:9ac0fd0e58d63f24aa1b4b",
        "android_client_info": {
          "package_name": "com.example.languageconverter"
        }
      },
      "oauth_client": [
        {
          "client_id": "141140209554-hhbrtp117pt1b5cromrjf8k8veg3v0lk.apps.googleusercontent.com",
          "client_type": 3
        }
      ],
      "api_key": [
        {
          "current_key": "AIzaSyDf19Mb5dlfz1uMJ6YNaT3kMb1pEMDssb0"
        }
      ],
      "services": {
        "appinvite_service": {
          "other_platform_oauth_client": [
            {
              "client_id": "141140209554-hhbrtp117pt1b5cromrjf8k8veg3v0lk.apps.googleusercontent.com",
              "client_type": 3
            }
          ]
        }
      }
    }
  ],
  "configuration_version": "1"
}